titulo,veiculo,classificacao,url,TEXTO
Produtora de filme sobre Bolsonaro nega ter recebido dinheiro de Daniel Vorcaro,brasil paralelo,direita,https://www.brasilparalelo.com.br/noticias/produtora-de-filme-sobre-bolsonaro-nega-ter-recebido-dinheiro-de-daniel-vorcaro,"Uma reportagem publicada pelo jornal The Intercept trouxe à tona áudios que expõem pedidos de Flávio Bolsonaro a Daniel Vorcaro para financiamento do filme Dark Horse, uma biografia sobre o seu pai.   A repercussão negativa levou aliados próximos de Flávio, como Romeu Zema, a publicar críticas ao senador. O ex-governador de Minas era um dos cotados para vice na chapa de Flávio Bolsonaro nas Eleições de 2026.  Por outro lado, nomes como Paulo Figueiredo, Eduardo Bolsonaro e Fernando Holiday, saíram em defesa do pré-candidato à presidência, afirmando que as gravações não apresentavam qualquer prática de crime e que a própria produtora negou o investimento de Vorcaro na produção. A produtora do filme nega ter recebido dinheiro de Vorcaro  Em meio a esse debate, a produtora do filme divulgou uma nota. Na mensagem, a GOUP Entertainment afirma que “não consta um único centavo proveniente do sr. Daniel Vorcaro, do Banco Master ou de qualquer empresa sob o seu controle societário”.   Contudo, as mensagens expostas pelo The Intercept mostram Flávio enviando um áudio a Daniel Vorcaro em que ele afirma saber que o banqueiro passava por um momento difícil, mas que precisava cobrar o dinheiro ou receber a negativa para ir atrás de outro investidor. Esses áudios são de setembro de 2025  Meses antes, em dezembro de 2024, Flávio havia feito o primeiro contato com Vorcaro, por intermédio do empresário Thiago Miranda. O empresário também afirma que não houve encontro entre Flávio e Vorcaro.   O jornal apresenta ainda outras mensagens que mostram Fabiano Zettel intermediando os pagamentos ao filme e Flávio Bolsonaro mantendo contato com Vorcaro.   Ainda em sua nota, a produtora afirma que “conversas, apresentações de projeto ou tratativas eventualmente mantidas com potenciais apoiadores e empresário não configuram, por si, efetivação de investimento, participação societária ou transferência de recursos”.   Contudo, em sua resposta pública ao caso, Flávio Bolsonaro não negou contato com Vorcaro e afirmou que ali tratava-se de um filho pedindo financiamento ao filme sobre seu pai. Em mensagens também é possível ver Flávio Bolsonaro enviando um vídeo a Daniel Vorcaro e dizendo: “só está sendo possível por causa de você”.     Mario Frias afirma que Flávio Bolsonaro teve papel limitado na produção do filme ao de concessão de direito autoral e ajuda para atrair investidores:  “O senador Flávio Bolsonaro não tem qualquer sociedade no filme ou na produtora. Seu papel limitou-se à cessão dos direitos de imagem da família e, naturalmente, ao peso que seu sobrenome agrega na hora de atrair investidores interessados em financiar um projeto desse porte — o que é legítimo, esperado e não configura, em si, nada além do óbvio.”  Já o The Intercept diz ter provas exclusivas de que parte do dinheiro foi efetivamente entregue à produção.  Veja a nota da produtora na íntegra  “NOTA TÉCNICA À IMPRENSA - ÍNTEGRA:  A GOUP Entertainment esclarece, preliminarmente, que a legislação norte-americana aplicável a operações privadas de captação no setor audiovisual veda a divulgação da identidade de investidores cujos aportes encontrem-se resguardados por acordos de confidencialidade (Non-Disclosure Agreements).  Trata-se de prerrogativa contratual e regulatória legítima, assegurada aos financiadores de projetos estruturados sob o regime de investimento privado, e que esta produtora é obrigada a observar.  Sem prejuízo das restrições acima e com o propósito de afastar especulações infundadas, a GOUP Entertainment afirma categoricamente que, dentre os mais de uma dezena de investidores que compõem o quadro de financiadores do longa-metragem Dark Horse, não consta um único centavo proveniente do sr. Daniel Vorcaro, do Banco Master ou de qualquer outra empresa sob o seu controle societário.  A produtora reafirma que o projeto cinematográfico Dark Horse foi estruturado dentro de modelo privado de desenvolvimento audiovisual, por meio de articulações, parcerias e mecanismos legítimos do mercado de entretenimento nacional e internacional, sem utilização de recursos públicos.  Cumpre destacar, ademais, que conversas, apresentações de projeto ou tratativas eventualmente mantidas com potenciais apoiadores e empresários não configuram, por si só, efetivação de investimento, participação societária ou transferência de recursos — sendo improcedente qualquer ilação em sentido contrário.  A GOUP Entertainment repudia, portanto, tentativas de associação indevida entre a produção cinematográfica e fatos externos desprovidos de comprovação documental, financeira ou contratual.  A produtora permanece à disposição das autoridades competentes e da imprensa para os esclarecimentos cabíveis, reafirmando seu compromisso com a transparência, a legalidade e a integridade de suas operações.  GOUP Entertainment”"
Flávio Bolsonaro e Daniel Vorcaro: qual o tamanho do estrago?,gazeta do povo,direita,https://www.gazetadopovo.com.br/ultima-analise/flavio-bolsonaro-e-vorcaro-qual-o-tamanho-do-estrago/,"O senador e pré-candidato à Presidência da República, Flávio Bolsonaro (PL-RJ), foi arrastado para dentro do escândalo do Banco Master. A versão nacional do site americano de esquerda The Intercept publicou nesta quarta-feira (13) um suposto áudio em que Bolsonaro faria uma cobrança de valores ao banqueiro na véspera de sua prisão.  O pedido mencionava dívidas do filme ""The Dark Horse,"" que trata da vida do ex-presidente Jair Bolsonaro. Em nota divulgada à imprensa, o senador não desmentiu o pedido, mas afirmou que o que aconteceu ""foi um filho, procurando patrocínio privado para um filme privado"".  Este será o ponto de partida do programa Última Análise desta quarta-feira (13). Hoje participam do programa o escritor Francisco Escorsim, o editor da Gazeta do Povo Gabriel de Arruda Castro e o professor da FGV Daniel Vargas."
Banco Master vira munição do governo contra oposição no Congresso,jovem pan,direita,https://www.jovempan.com.br/opiniao-jovem-pan/comentaristas/bruno-pinheiro/banco-master-vira-municao-do-governo-contra-oposicao-no-congresso.html,"Com uma semana de derrotas acumuladas no Congresso, aliados do governo chegaram a Brasília nesta terça-feira (12) com uma estratégia definida: deixar o passado de lado e concentrar a ofensiva política no caso Banco Master. Nos bastidores e nos plenários, parlamentares governistas tentam associar o senador Ciro Nogueira ao senador Flávio Bolsonaro, numa tentativa de transferir o desgaste ao campo bolsonarista. Para amenizar o clima após os reveses recentes, deputados da base passaram a explorar os efeitos políticos da viagem do presidente Luiz Inácio Lula da Silva aos Estados Unidos. Nos corredores da Câmara e do Senado, o discurso era repetido: “Pelo menos uma boa notícia. O presidente foi bem em Washington.” Mesmo com sessões semipresenciais e um Congresso esvaziado, o ambiente político segue longe da calmaria. Governistas e oposição intensificaram o embate em torno de dois temas que devem dominar a pauta nos próximos dias: o projeto da dosimetria, suspenso pelo Supremo Tribunal Federal, e a PEC da anistia apresentada pelo PL na Câmara. *Esse texto não reflete, necessariamente, a opinião da Jovem Pan."
Oposição acusa PT de “criminalização política” e pede CPI do Banco Master,o antagonista,direita,https://oantagonista.com.br/brasil/oposicao-acusa-pt-de-criminalizacao-politica-e-pede-cpi-do-banco-master/,"A liderança da oposição na Câmara dos Deputados divulgou nesta quarta-feira, 13, uma nota oficial em defesa do senador Flávio Bolsonaro (PL-RJ) após a repercussão dos áudios vazados envolvendo o parlamentar e o banqueiro Daniel Vorcaro.  No texto, assinado pelo líder da oposição, Cabo Gilberto Silva (PL-PB), a bancada acusa o PT de tentar associar adversários políticos a escândalos de corrupção por meio de uma “estratégia de criminalização”.  “O PT tenta mais uma vez aplicar sua velha estratégia política: jogar todos no mesmo ambiente de suspeita e corrupção que marcou a própria trajetória do partido ao longo das últimas décadas”, afirma a nota. Segundo a oposição, o episódio envolvendo Flávio Bolsonaro não teria relação com recursos públicos ou favorecimento estatal. “O ponto central é simples e objetivo: não houve dinheiro público. Não houve contrato público. Não houve favorecimento estatal”, diz o comunicado.  A bancada também afirmou que o caso seria uma tentativa de criar “desgaste político artificial” contra a família Bolsonaro. “Houve apenas uma tentativa desesperada de criar desgaste político artificial contra a família Bolsonaro. O Brasil já entendeu esse jogo”, acrescenta o texto.  Na nota, a oposição ainda cobra uma investigação mais ampla sobre o Banco Master e defende a instalação de uma comissão parlamentar de inquérito para apurar o caso.   “Por isso, defendemos uma investigação ampla, séria e sem seletividade. CPI do Banco Master, já”, conclui o documento"
Flávio Bolsonaro e a CPMI do Master,pelo news,direita,https://pleno.news/opiniao/magno-malta/flavio-bolsonaro-e-a-cpmi-do-master.html,"Ao longo da minha vida pública, aprendi que, nos momentos de crise, é preciso agir com serenidade, coragem e compromisso com a verdade. Quando um fato explode na imprensa, muitos correm para acusar, outros preferem se omitir, e poucos se dispõem a defender aquilo que realmente importa: justiça, equilíbrio e transparência.  Foi o que ocorreu após a divulgação do áudio envolvendo o senador Flávio Bolsonaro e o banqueiro Daniel Vorcaro, que é envolvido em denúncias relacionadas ao Banco Master. Antes de qualquer precipitação, é preciso afirmar de forma objetiva: ninguém pode ser condenado por manchete, vazamento seletivo ou exploração política. O Brasil já assistiu, inúmeras vezes, a julgamentos antecipados promovidos por interesses eleitorais e ideológicos.  Conheço Flávio Bolsonaro. Sei de sua trajetória, de sua lealdade à família, de sua postura pública e da responsabilidade com que sempre conduziu sua vida política. Flávio não surgiu do nada. Hoje é senador da República, mas também foi lançado como pré-candidato à Presidência por Jair Bolsonaro, homem honrado, perseguido por amar este país e por enfrentar um sistema que, há décadas, saqueia o Brasil.  Vejo muitos tentando aproveitar esse episódio para semear divisão no campo da direita conservadora. Quando percebem que a direita está forte, organizada e competitiva, tentam fragmentá-la.  Se o conteúdo tratado no áudio dizia respeito a patrocínio privado para um projeto audiovisual, isso precisa ser analisado dentro da legalidade, sem histeria e sem oportunismo. Relações privadas lícitas não podem ser automaticamente criminalizadas apenas porque envolvem nomes conhecidos ou adversários políticos da esquerda.  Agora, uma coisa precisa ser dita: o caso Banco Master ultrapassa, e muito, qualquer áudio isolado, que nada indica ilegalidade. Trata-se de um fato amplo, que exige apuração séria e profunda. E a direita tem lutado para instalar uma investigação sobre esse banco e o impedimento sempre veio da… esquerda, não de Flávio.  O Brasil precisa saber tudo o que ocorreu em torno dessa instituição financeira: seus vínculos, operações, relações políticas, influência econômica e possíveis conexões com agentes públicos, além da questão do INSS. Por isso, defendo a imediata instalação de uma CPMI do Banco Master.  A Comissão Parlamentar Mista de Inquérito deve convocar todos os envolvidos, quebrar sigilos necessários dentro da lei, ouvir autoridades, examinar contratos e esclarecer à sociedade brasileira quem se beneficiou, quem se omitiu e quem eventualmente praticou irregularidades.  O que não aceito é ver setores da esquerda, que silenciaram diante de escândalos bilionários, agora quererem posar de paladinos da moralidade em cima de Flávio Bolsonaro. Muitos dos que hoje apontam o dedo conviveram com mensalão, petrolão, empreiteiras amigas e aparelhamento institucional. Afinal, até que se prove o contrário, Flávio não praticou qualquer crime.  Também não aceito ver parte da própria direita agir por impulso, movida por ansiedade eleitoral, atacando seus próprios aliados sem conhecer os fatos. Divergência é legítima. Autofagia política é burrice. Nosso verdadeiro adversário continua sendo o projeto de poder da esquerda que afundou o Brasil na corrupção, na censura e no atraso.  Em suma, o Brasil não precisa de linchamento midiático contra Flávio Bolsonaro. O Brasil precisa de coragem. E, neste momento, essa coragem só poderá ser manifestada através da CPMI do Banco Master"
Daniel Vorcaro também financiou filmes de Lula e Temer,pelo news,direita,https://pleno.news/brasil/politica-nacional/daniel-vorcaro-tambem-financiou-filmes-e-lula-e-temer.html,"Nesta quarta-feira (13), supostos áudios do senador Flávio Bolsonaro (PL-RJ) conversando com o banqueiro Daniel Vorcaro e pedindo financiamento para a produção de um filme sobre o ex-presidente Jair Bolsonaro foram divulgados pelo site The Intercept Brasil. No entanto, o dono do Banco Master não teria financiado apenas um filme sobre o líder da direita brasileira. De acordo com a coluna de Lauro Jardim, do jornal O Globo, Vorcaro também teria destinado recursos a um filme sobre o ex-presidente Michel Temer (MDB) e outro sobre o presidente Luiz Inácio Lula da Silva (PT).  De acordo com o portal, uma das produções é o documentário Lula, dirigido por Oliver Stone. O filme foi lançado em 2024 e conta a história do petista desde a sua infância. Já o outro filme é 963 dias — A história de um presidente que recolocou o Brasil nos trilhos, dirigido por Bruno Barreto. O filme conta a história da gestão de Temer após o impeachment da ex-presidente Dilma Rousseff (PT).  Após a divulgação da reportagem, a Secretaria de Comunicação Social (Secom) da Presidência da República disse, em nota, que nem o governo, nem o presidente Lula pediram recursos a Vorcaro para a produção do filme.  Já o produtor do documentário sobre Temer, Elsinho Mouco, negou que tenha pedido dinheiro ao banqueiro."
"Pressão pela CPI do Banco Master ganha força entre oposição, Centrão e alas do governo",gazeta do povo,direita,https://www.gazetadopovo.com.br/republica/pressao-pela-cpi-do-banco-master-ganha-forca-entre-oposicao-centrao-e-alas-do-governo/,"Datafolha divulga pesquisa de intenções de voto para presidente Lula aconselhou Vorcaro a recusar venda do Master para o BTG Relembre os candidatos à Presidência mais caricatos do Brasil Monark afirma que YouTube o proibiu de criar novos canais Comando Vermelho e PCC transformam Bolívia em principal base das facções criminosas fora do Brasil Lula cogita reenviar nome de Messias ao STF após rejeição histórica pelo Senado Quem é quem na direita brasileira: o guia completo Frases da Semana: “Irmão, estou e estarei contigo sempre”"
Novo-MG recebeu R$1 milhão do pai de Vorcaro em 2022. Zema nega ter usado a verba,brasil paralelo,direita,https://www.brasilparalelo.com.br/noticias/novo-mg-recebeu-r1-milhao-do-pai-de-vorcaro-em-2022-zema-nega-ter-usado-a-verba,"A divulgação dos áudios pelo The Intercept atribuídos a Flávio Bolsonaro cobrando a Daniel Vorcaro pelo financiamento do filme Dark Horse movimentou o cenário político brasileiro.  Zema rapidamente se manifestou em suas redes sociais, chamando o episódio de ""um tapa na cara dos brasileiros de bem"". A resposta ao ex-governador de Minas Gerais não demorou.  Eduardo Bolsonaro divulgou uma página do TSE mostrando que o pai de Daniel Vorcaro, Henrique Moura Vorcaro, havia doado R$1 milhão ao diretório estadual do Partido Novo em Minas Gerais em 2022. Na época, Zema disputava a reeleição ao governo do estado.  Em nota ao Globo, Zema afirmou que o dinheiro foi destinado ao partido, não à sua campanha.      ""Nenhum centavo entrou na minha campanha. A doação para o partido foi em 2022, quando não havia nem mesmo suspeita contra Vorcaro. A PF só iniciou as investigações sobre o Banco Master em 2024"".  O ex-governador afirmou que a doação foi ""perfeitamente legal e transparente"" e está registrada na Justiça Eleitoral. Partido Novo reconheceu a doação  O Partido Novo confirmou o recebimento da doação e afirmou que jamais escondeu a origem de suas contribuições.  As ilegalidades do Banco Master eram desconhecidas à época e, desde que o caso veio à tona, o partido tem criticado e atuado nas investigações.      Que tal receber notícias todos os dias em seu WhatsApp? Clique aqui e entre para o canal oficial da Brasil Paralelo.   Em 2022, contas da campanha de Zema foram aprovadas com ressalvas  As contas de campanha de Zema ao governo de Minas em 2022 foram aprovadas com ressalvas pelo Tribunal Regional Eleitoral de Minas Gerais.  O relator do processo apontou irregularidades relacionadas ao uso de materiais de propaganda em caminhões e lojas do Grupo Zema, caracterizados como doação estimável em dinheiro por pessoa jurídica, fonte vedada de arrecadação.  As contas foram aprovadas por cinco votos a um, com aplicação dos princípios de proporcionalidade e razoabilidade, dado o valor pouco expressivo em relação ao custo total da campanha, de R$5,8 milhões.  É importante ressaltar que a doação de Henrique Vorcaro ao diretório do Novo aconteceu como pessoa física, enquanto as ressalvas apontadas pelo TRE em 2022 tratavam de doação por pessoa jurídica. Henrique Vorcaro foi preso em operação contra milícia privada do Banco Master  A Polícia Federal prendeu Henrique Vorcaro durante uma nova fase da Operação Compliance Zero.  Ele é acusado de encomendar serviços e efetuar pagamentos para grupos conhecidos como ""A Turma"" e ""Os Meninos"", criados pelo filho Daniel para monitorar e intimidar pessoas de interesse do Banco Master.  De acordo com o ministro André Mendonça, que autorizou a prisão, Henrique teria obtido acesso indevido a sistemas da própria PF, do Ministério Público Federal e de organismos internacionais como FBI e Interpol.  Empresário do setor de infraestrutura e construção pesada, ele é fundador do Grupo Multipar, com atuação em engenharia, energia, agronegócio e mercado imobiliário.  A PF afirma que atuava em conjunto com o filho em uma estrutura investigada por corrupção, lavagem de dinheiro e organização criminosa.  Daniel Vorcaro está preso preventivamente desde março e negocia acordo de delação premiada com a PF e a Procuradoria-Geral da República.  A prisão de Henrique Vorcaro é mais um desdobramento envolvendo o Banco Master, cujos detalhes se perdem em meio a tantas manchetes.  A Brasil Paralelo explica tudo o que está por trás desse cenário em sua nova produção: Raio-X Banco Master."
Flávio critica uso de verba pública para ‘propaganda política’ ao defender investimento de Vorcaro,jovem pan,direita,https://jovempan.com.br/noticias/politica/flavio-critica-uso-de-verba-publica-para-propaganda-politica-ao-defender-investimento-de-vorcaro.html,"Flávio Bolsonaro ainda criticou o Intercept Brasil que revelou suas conversas com Daniel Vorcaro O senador e pré-candidato à presidência, Flávio Bolsonaro (PL-RJ), criticou nesta sexta-feira (15) o uso de recursos públicos para “propaganda política” ao defender o investimento feito pelo dono do Banco Master, Daniel Vorcaro, no filme “Dark Horse”, que contará a história do ex-presidente Jair Bolsonaro. O parlamentar deu declaração em evento em São Paulo que lançou a pré-candidatura do deputado federal Guilherme Derrite (PP-SP) ao Senado. “Tem filme que é com dinheiro privado, tem filme que é com dinheiro público. Tem filme que, para fazer propaganda para os outros, toma dinheiro dos impostos do trabalhador. Dinheiro que o Tarcísio [de Freitas], aqui em São Paulo, está colocando nos hospitais, nas escolas, na segurança pública. Esse dinheiro público é usado para fazer peça de propaganda política para o atual presidente da República”, afirmou. Flávio citou o samba-enredo da agremiação Acadêmicos de Niterói, que homenageou o presidente Luiz Inácio Lula da Silva (PT) no Carnaval de 2026. “Eu não posso bater na porta da Embratur do Marcelo Freixo lá em Brasília, no prefeito de Niterói, do Rio de Janeiro, e pedir dinheiro público para fazer um desfile de escola de samba que é uma propaganda política antecipada para o Lula, que ainda zomba das famílias brasileiras, das lideranças religiosas, dos evangélicos, dos católicos”, disse. O pré-candidato ao Planalto também afirmou que irá vencer o petista no primeiro turno da disputa presidencial. O senador ainda criticou a agência de notícias Intercept Brasil, que revelou as negociações entre Flávio e Vorcaro para o banqueiro financiar o filme sobre Bolsonaro. Ele disse que o veículo é “feito de pessoas muito suspeitas” e está “tentando interceptar o futuro do país”."
Flávio Bolsonaro promete subir rampa do Planalto com condenados do 8/1,o antagonista,direita,https://oantagonista.com.br/brasil/flavio-bolsonaro-promete-subir-rampa-do-planalto-com-condenados-do-8-1/,"O senador Flávio Bolsonaro (PL) afirmou neste sábado, 16, que os condenados pelos atos de 8 de janeiro de 2023 “subirão a rampa do Palácio do Planalto” com ele em 2027 caso vença a eleição presidencial.  Em discurso durante evento em Sorocaba, no interior de São Paulo, Flávio disse que os investigados foram vítimas de uma “farsa”.  “Quero começar falando com cada uma das centenas de brasileiros que também foram vítimas da maior farsa que a história já viu, capitaneada por um ministro do Supremo Tribunal Federal para interferir nas eleições”, afirmou durante lançamento da pré-candidatura do deputado Guilherme Derrite (PP) ao Senado. E acrescentou:   “Todos vocês, cada uma dessas famílias, a gente vai honrar vocês. Vocês vão junto com o presidente Bolsonaro subir aquela rampa do Palácio do Planalto em 2027 junto com a gente.” Aparelhamento da PF  Durante o evento, Flávio também acusou o governo Lula (PT) de perseguir adversários políticos e de “aparelhar” a Polícia Federal.   O senador citou mudanças em setores da PF ligados à investigação sobre fraudes no INSS e afirmou que o governo tenta manipular apurações.  “A gente não vai permitir que esses canalhas continuem governando o nosso país. Um governo corrupto, que persegue adversários políticos. Eles aparelharam até a Polícia Federal”, disse.  As falas foram feitas em meio à crise provocada pela divulgação de mensagens e áudios entre Flávio e o ex-banqueiro Daniel Vorcaro, do Banco Master. O senador é alvo de questionamentos após pedir recursos ao empresário para financiar o filme “Dark Horse”, cinebiografia sobre Jair Bolsonaro.  Sem citar diretamente Vorcaro, Flávio voltou a afirmar que está sendo alvo de perseguição e disse que tentam “enterrá-lo vivo”.   “Eles me subestimaram, mais uma vez, achando que vão me intimidar, achando que vão me calar. Eles esqueceram de uma coisa: aqui tem sangue de Bolsonaro. Eu não vou desistir do meu Brasil.” Investigação sobre Lulinha  A Polícia Federal substituiu o delegado que chefiava o inquérito sobre desvios no INSS e que havia pedido investigação sobre Fábio Luís Lula da Silva, o Lulinha, filho do presidente Lula.  Segundo a PF, o caso foi transferido da divisão de repressão a crimes previdenciários para a Coordenação de Inquéritos nos Tribunais Superiores. A corporação afirmou que a mudança busca dar mais estrutura e “potencializar recursos” da investigação.  “A transferência foi concebida para assegurar maior eficiência e continuidade às investigações”, disse a PF em nota."
A solução desesperada de Flávio Bolsonaro para manter a candidatura “competitiva”,revista fórum,esquerda,https://revistaforum.com.br/politica/solucao-desesperada-flavio-bolsonaro-candidatura/,"teto de vidro do clã Bolsonaro se estilhaçou por completo e o que sobrou foi o desespero. Flagrado em áudios explícitos negociando e recebendo nada menos que R$ 61 milhões de Daniel Vorcaro, o banqueiro que comanda a fraude do escândalo do Banco Master, o senador Flávio Bolsonaro (PL-RJ) viu sua imagem pública ser pulverizada em toda a sociedade fora da bolha cega de seus apoiadores. A máscara de paladino da moralidade caiu, revelando o perfil de um político profissional demagogo, cercado pelo histórico de corrupção familiar, que acabou pego achacando um operador financeiro criminoso para faturar uma fortuna.  Diante de uma candidatura presidencial que foi virtualmente destroçada e com o nome transformado em verdadeiro material radioativo, o filho “zero um” do ex-presidente extremista prepara uma ofensiva de emergência nesta semana que começa. Totalmente isolado no discurso, Flávio e seus articuladores mais próximos chegaram a uma conclusão óbvia: após ter a reputação aniquilada perante a sociedade não bolsonarista, a única e última cartada para manter sua campanha minimamente competitiva é buscar a “força e o apoio” da Faria Lima. Só o setor financeiro pode tentar salvar o que restou de suas pretensões eleitorais para a corrida ao Planalto. Périplo do desespero: De reuniões de crise ao coração do mercado  Após passar os últimos dias trancado em tensas reuniões de crise em Brasília para tentar estancar a sangria, o senador iniciou um vaivém frenético. Na sexta-feira (15), viajou para o Rio de Janeiro e, até o sábado (16), cumpriu agendas no interior de São Paulo, passando por Sorocaba e Campinas para o lançamento da chapa bolsonarista no estado. O retorno a Brasília foi apenas uma escala técnica antes do desembarque definitivo na capital paulista, previsto entre terça (19) e quarta-feira (20).  Em São Paulo, Flávio terá encontros reservados e de portas fechadas com representantes de fundos de investimento, banqueiros e operadores de mercado. Interlocutores que acompanham o parlamentar confirmam que o clima nos bastidores é de puro pânico; o senador está, de fato, desesperado com o tamanho da “tragédia” que implodiu sua imagem. Os memes se multiplicam nas redes e os setores mais populares se indignam e riem com o diálogo escuso de Flávio com Vorcaro.  Embora esses encontros com o empresariado já estivessem na agenda antes de o site Intercept Brasil revelar os áudios sobre o financiamento de R$ 61 milhões para o filme biográfico Dark Horse, uma peça de propaganda sobre Jair Bolsonaro, a repercussão avassaladora mudou o caráter da viagem. O que seria uma agenda de aproximação virou uma operação de sobrevivência política urgida pela dilaceração de sua viabilidade eleitoral. Faria Lima faz piada e amplia debandada  A missão de Flávio Bolsonaro na Faria Lima, contudo, flerta com o impossível. Nos bastidores, integrantes da própria pré-campanha admitem enorme preocupação, pois os investidores e operadores financeiros não estão apenas decepcionados, eles estão fazendo piada com a situação do senador, ainda que chateados por terem seus planos frustrados. O escândalo das relações obscuras e presumivelmente criminosas com Vorcaro foi o principal assunto, inclusive, entre a comitiva de empresários brasileiros durante a Brazil Week, em Nova York, sepultando as expectativas de quem via em Flávio o nome mais competitivo da direita para enfrentar o presidente Luiz Inácio Lula da Silva.  O termômetro do mercado já havia dado o sinal de alerta na última quarta-feira (13), dia do vazamento dos áudios. Em um movimento de pânico generalizado ligado diretamente ao aumento da instabilidade política do bolsonarismo, o Ibovespa despencou mais de 1,8% e o dólar disparou acima de 2%, voltando a encostar na casa dos R$ 5,00.  Essa turbulência econômica acelerou o movimento de setores empresariais que já buscavam alternativas mais técnicas e previsíveis. O nome do governador de São Paulo, Tarcísio de Freitas (Republicanos), preferido desde sempre pelo “mercado”, já não serve mais, pois ele não se descompatibilizou a tempo do cargo para disputar a Presidência. Para piorar o cenário do clã, o nome do ex-governador de Minas Gerais, Romeu Zema (Novo), passou a ser citado com muito mais frequência nas mesas de operação da Faria Lima como uma via viável para a disputa presidencial. A estratégia risível de fingir normalidade  Mesmo ciente de que o empresariado passou a questionar amplamente sua viabilidade, a estratégia oficial da campanha é tentar demonstrar uma estabilidade política artificial, numa atitude que beira o risível: Flávio quer fingir que nada aconteceu. Auxiliares afirmam que o plano é ignorar o tamanho do estrago, ampliar as viagens pelo país, intensificar agendas públicas e forçar uma presença maior em entrevistas. Junto ao empresariado, a promessa será a defesa cega de uma agenda liberal com redução de impostos e desburocratização, uma tentativa desesperada de oferecer uma contrapartida ao mercado para compensar a lama do escândalo.  Em outra frente de bastidores, aliados propuseram uma ofensiva agressiva contra o governo federal, tentando empurrar parte do desgaste do Banco Master para supostas conexões com grupos políticos ligados ao PT na Bahia. Uma tática que nasceu morta. Para analistas e até para os próprios operadores de campanha, depois de o senador ter sido flagrado de forma incontestável tomando dinheiro sujo de um banqueiro fraudador, qualquer tentativa de Flávio Bolsonaro de posar de paladino da ética tornou-se virtualmente impossível. Atolado na denúncia, resta ao senador implorar pelo oxigênio financeiro de São Paulo para não ver sua pré-candidatura ser enterrada antes da hora."
Flávio Bolsonaro radicaliza discurso após escândalo Master e ataca STF,revista fórum,esquerda,https://revistaforum.com.br/politica/flavio-ataca-stf/,"senador Flávio Bolsonaro (PL-RJ) fez uma promessa pública a familiares de pessoas condenadas pelos atos ocorridos em 8 de janeiro de 2023: levá-las à rampa do Palácio do Planalto caso o ex-presidente Jair Bolsonaro retorne ao poder em 2027.  A declaração foi feita durante evento realizado neste sábado (17) em Sorocaba, no interior do estado de São Paulo. A ocasião foi o lançamento da pré-candidatura de Guilherme Derrite ao Senado Federal.  Em discurso, o parlamentar dirigiu-se diretamente às famílias dos condenados: “Todos vocês, cada uma dessas famílias, a gente vai honrar vocês. Vocês vão junto com o presidente Bolsonaro subir aquela rampa do Palácio do Planalto em 2027 junto com a gente.”  No mesmo evento, Flávio Bolsonaro dirigiu críticas ao Supremo Tribunal Federal. O senador classificou os julgamentos que condenaram os responsáveis por tentativa de golpe de Estado como “a maior farsa que a história já viu”. O pai de Flávio, Jair, foi condenado a 27 anos de prisão por liderar a organização criminosa que coordenou o crime contra a democracia brasileira."
Mentiras deixam Flávio Bolsonaro nu em praça pública,intercept,esquerda,https://www.intercept.com.br/2026/05/16/mentiras-flavio-bolsonaro-nu-praca-publica/,"As reportagens do Intercept revelando a proximidade do clã Bolsonaro com o maior bandido do Brasil atingiram o bolsonarismo com requintes de crueldade.   Os episódios que antecederam à publicação das reportagens e os que a sucederam parecem fazer parte de um roteiro escrito por alguém que odeia muito a família Bolsonaro. É cinema absoluto!  Há uma semana, Flávio Bolsonaro divulgou nota  cobrando “ampla apuração” do caso de  corrupção envolvendo o Banco Master. Ciro Nogueira, um dos maiores aliados da sua candidatura, tinha sido pego recebendo um mensalão de Vorcaro. Mas Flávio se fez de louco e manteve o personagem indignado. Como se não tivesse nada a ver com isso, o senador passou a desfilar com uma camisa estampada com os dizeres: “O Pix é do Bolsonaro. O Master é do Lula.” O cinismo e a desfaçatez foram ousados, o que faria o tombo ser ainda maior. ‘Militante’  Eis que o jornalismo trouxe à tona os fatos que o senador tentou esconder. Horas antes da #VazaFlavio ser publicada, o repórter do Intercept Thalys Alcântara perguntou para Flávio pessoalmente se ele negociou com Vorcaro pagamentos para a produção do filme sobre o seu pai. Flávio ficou desnorteado com a pergunta. Em um intervalo de 20 segundos, ele negou os pagamentos, gargalhou forçadamente, chamou o jornalista de “militante”, virou-se de costas e resmungou: “é dinheiro privado! é dinheiro privado”.   O senador começou a resposta negando os pagamentos, quase teve uma síncope e terminou admitindo. Foi uma cena tão constrangedora que quase fiquei com pena do senador (mentira).   Pouco tempo depois, o Intercept completou o drible da vaca e publicou conversas em que Flávio e Vorcaro se tratavam como grandes amigos. “Estou e estarei contigo sempre”, prometeu o senador para o maior ladrão do Brasil um dia antes dele parar na cadeia. De lá pra cá, o senador não só omitiu essa intimidade com o banqueiro como negou de forma veemente qualquer relação com ele. Pior que isso: Flávio se apresentou como um dos maiores indignados com a lama do Banco Master. É um grau de cinismo alto demais até mesmo para os padrões de quem foi criado por Jair Bolsonaro. Encontro com JB na casa de D  O senador ficou nu em praça pública enquanto era coberto por uma pororoca de mentiras. Segundo a agência de checagem Aos Fatos, ele contou ao menos 12 mentiras sobre o caso antes da publicação da reportagem. Ninguém pode se dizer surpreso, já que Flávio é reconhecidamente um mentiroso contumaz desde os tempos em que desviava dinheiro do seu gabinete para financiar prédios das milícias no Rio de Janeiro.   Na última quinta-feira, uma nova reportagem do Intercept revelou que a proximidade dos Bolsonaros com o mafioso era ainda maior do que se imaginava. Conversas privadas mostraram que Vorcaro topou receber Jair Bolsonaro em sua mansão em Brasília para “assistirem juntos” a um documentário, possivelmente “A colisão dos destinos”  sobre a trajetória do ex-presidente. A reunião tinha como objetivo pedir o apoio de Vorcaro para financiar a produção do longa “Dark Horse”. Não se sabe se a reunião aconteceu, mas se sabe que o Pix para o filme caiu. Explicar o inexplicável  A #VazaFlávio foi trágica para o bolsonarismo. Enquanto algumas figuras expoentes da fauna bolsonarista largaram a mão de Flávio, outros entraram em desespero na tentativa de encontrar uma narrativa que explique o inexplicável.   Cada um falou uma coisa diferente. Flávio admitiu que recebeu o dinheiro de Vorcaro para o filme, mas a própria produtora — endossada por Eduardo Bolsonaro e Paulo Figueiredo — negou ter recebido qualquer centavo. Ninguém conseguiu explicar até agora onde foi parar a grana que Vorcaro deu pro Flávio. Parece que o filme realmente não recebeu os R$ 61 milhões combinados, já que, segundo o G1, há denúncias na produção de ”comida estragada, alimentação insuficiente, longas jornadas de trabalho e atrasos de pagamento”. Cadê a grana?  Mas, afinal, onde está a grana do Vorcaro? A Polícia Federal suspeita que ela foi usada para financiar as despesas de Eduardo Bolsonaro nos EUA, cuja atividade principal é conspirar contra o governo brasileiro.  O dinheiro prometido a Flávio teria sido transferido pela Entre Investimentos e Participações, empresa ligada a Vorcaro, a um fundo controlado por aliados de Eduardo e sediado no Texas, nos EUA. Trata-se da mesma empresa utilizada no financiamento do filme sobre Jair Bolsonaro. Nunca foi tão fácil ligar os pontos.  A ligação carnal de Vorcaro com o bolsonarismo sempre foi límpida e clara.   Por mais que a máfia tenha tragado diversos partidos e poderes para lama, o escândalo do Banco Master sempre foi essencialmente bolsonarista. A roubalheira do Vorcaro não seria possível sem a leniência do Banco Central sob o governo Bolsonaro e sem o apoio de Ciro Nogueira.  O maior bandido do Brasil doou milhões para campanhas bolsonaristas e investiu pesado em um filme panfletário sobre a vida de Jair Bolsonaro a ser lançado em ano de eleição. Será que Vorcaro é bolsonarista? Será? Cinismo apoiando cinismo  Se antes já estava difícil para a grande imprensa sustentar a tese do “escândalo suprapartidário”, agora ficou ainda mais, certo? Errado. O powerpoint da GloboNews foi só um aperitivo. Poucas horas após a publicação da #VazaFlavio, Lauro Jardim estampou a seguinte manchete em sua coluna no O Globo: “Vorcaro também financiou filmes sobre Lula e Temer”.  Pronto! Foi servida a carniça para a urubuzada bolsonarista arrastar o principal adversário de Flávio para a sua lama. A apuração do jornalista se limitou a falas de “pessoas ligadas a Vorcaro”. Não há um mísero indício que sustente a manchete. Isso é tudo, menos jornalismo. Não há absolutamente nenhum indício de que Vorcaro financiou o filme sobre Lula.   Dois dias depois, veio a capa da revista Veja, mostrando que a grande imprensa não está para brincadeira em ano eleitoral. Num passe de mágica, conseguiram transformar uma hecatombe bolsonarista em suprapartidária. O cinismo de Flávio Bolsonaro agora está apoiado pelo cinismo da grande imprensa. A militância bolsonarista, que estava murcha e sem saída, recebeu a munição necessária para voltar a babar nas redes sociais.  Dessa vez, a narrativa não foi fabricada no computador do Carluxo, mas publicada pela Veja e por um jornalista do grupo Globo.   Ora, ora. Parece que agora, sim, estamos diante do chamado “jornalismo militante”, não é mesmo? As verdades que o jornalismo sério revelou foram ofuscadas por um jornalismo empenhado em defender a candidatura da extrema direita.  Enquanto uma reportagem está embasada por provas irrefutáveis, as outras estão embasadas por amiguinhos anônimos do bolsonarista Daniel Vorcaro. Podem continuar forçando a barra, mas dificilmente vão conter a força avassaladora das verdades contidas na #VazaFlávio.  Enquanto uns jornalistas militam pela democracia e pela verdade, outros militam pelo candidato escolhido pelo maior ladrão do Brasil."
Flávio Bolsonaro negociou com Daniel Vorcaro R$ 134 milhões para bancar filme sobre Jair,intercept,esquerda,https://www.intercept.com.br/2026/05/13/audio-flavio-negociou-vorcaro-milhoes/,"“Irmão, estou e estarei contigo sempre, não tem meia conversa entre a gente. Só preciso que me dê uma luz! Abs!”, escreveu o senador Flávio Bolsonaro, do PL do Rio de Janeiro, ao dono do Banco Master, Daniel Vorcaro, em uma mensagem enviada pelo WhatsApp em 16 de novembro de 2025.  Um dia após a mensagem de Flávio, Vorcaro foi preso enquanto tentava fugir do país por operar um esquema de fraude que gerou um rombo de R$ 47 bilhões ao Fundo Garantidor de Crédito, o FGC. No dia seguinte, 18 de novembro, seu banco foi liquidado pelo Banco Central.  A frase escrita pelo hoje pré-candidato à Presidência da República é parte de uma série de registros que indicam a existência de uma negociação em que Vorcaro se comprometeu a repassar um total de 24 milhões de dólares (na época equivalentes a cerca de R$ 134 milhões) para financiar a produção de “Dark Horse”, o filme biográfico sobre Jair Bolsonaro.  Documentos e mensagens obtidos com exclusividade pelo Intercept Brasil indicam que pelo menos 10,6 milhões de dólares — cerca de R$ 61 milhões, considerando a cotação do dólar nos períodos das transferências — haviam sido pagos entre fevereiro e maio de 2025, em seis operações, para financiar o projeto cinematográfico ligado à família Bolsonaro.   Os registros incluem um cronograma de desembolso, um comprovante bancário e cobranças relacionadas às parcelas previstas para a produção. Não há evidências nas mensagens de que Vorcaro tenha feito os outros oito pagamentos previstos para o projeto.  O envolvimento de Vorcaro foi negociado diretamente por Flávio Bolsonaro, mas teve outros intermediários, como o irmão e deputado federal cassado Eduardo Bolsonaro, do PL de São Paulo, e o deputado federal Mario Frias, também do PL paulista, que foi secretário da Cultura no governo Bolsonaro.  As conversas privadas e os documentos de Vorcaro revelam os profundos laços financeiros e a estreita relação entre o clã Bolsonaro e o banqueiro que se tornou o homem mais radioativo de Brasília. Flávio já havia negado tais conexões, da sua família e da extrema direita, chegando a dizer que isso era uma “narrativa falsa que o Lula tem criado”.   Quando foi noticiado, em março deste ano, que o cunhado de Vorcaro – o pastor Fabiano Zettel – havia feito uma doação de R$ 3 milhões para a campanha presidencial de Jair Bolsonaro, Flávio disse à CNN que isso aconteceu “sem nenhuma vinculação, sem nenhuma contrapartida, sem nenhum contato pessoal, inclusive”.   “Essa conta do Banco Master está longe de chegar perto da direita”, afirmou o senador. Em evento da pré-campanha em João Pessoa, na Paraíba, dois dias antes, ele classificou o caso como um “grande esquema de roubalheira que está dando nojo a todo o país”.  Na manhã desta quarta-feira, 13, Flávio Bolsonaro foi questionado presencialmente pelo Intercept sobre o financiamento de Vorcaro ao filme e respondeu: “De onde você tirou essa informação? É mentira”. Em seguida, deu uma gargalhada e se retirou de onde concedia entrevista à imprensa, próximo ao Supremo Tribunal Federal, o STF – antes, o senador havia se reunido com o ministro Edson Fachin, presidente da corte.  Flávio já havia sido contatado sobre o assunto – por telefone, WhatsApp e e-mail, mas não retornou até a publicação da reportagem. A defesa de Daniel Vorcaro foi acionada, mas não houve resposta. Eduardo Bolsonaro também não respondeu aos questionamentos enviados pelo Intercept. O espaço segue aberto e, caso haja resposta, o texto será atualizado.  Em nota enviada ao Intercept após a publicação da reportagem, a defesa do deputado federal Mario Frias confirmou os contatos entre o parlamentar e Vorcaro, mas disse que as mensagens “refletem apenas uma relação legítima entre idealizador do projeto e um potencial apoiador privado da iniciativa”.  Também destacou que Frias não exerceu papel de articulador político ou financeiro em nome de Vorcaro. Ainda negou qualquer uso do mandato parlamentar para “promoção de lobby privado ou favorecimento empresarial”.  O advogado do deputado informou, ainda, que, na época da troca de mensagens, Vorcaro era conhecido como um empresário do mercado financeiro e “não havia qualquer informação pública que indicasse eventual irregularidade financeira” atribuída ao banqueiro. “Conversas privadas envolvendo exibição de conteúdo audiovisual ou encontros sociais entre pessoas públicas e empresários não configuram irregularidade”, destacou a defesa do parlamentar.  Sobre o filme, a defesa pontuou que Frias participou do desenvolvimento criativo e institucional do projeto audiovisual e que “o entusiasmo manifestado nas mensagens privadas decorre da dimensão artística e cultural do projeto, considerado por sua equipe como uma produção inédita dentro do cinema nacional independente”. Vorcaro bancou filme do clã Bolsonaro  Os diálogos, um comprovante de uma ordem de pagamento de 2 milhões de dólares e uma tabela com previsão de valores a serem pagos analisados pelo Intercept indicam que pelo menos parte do dinheiro foi transferida pela Entre Investimentos e Participações, que atuava em parceria com empresas de Vorcaro, para o fundo Havengate Development Fund LP, sediado no Texas, nos Estados Unidos, e controlado por aliados de Eduardo Bolsonaro.  Os registros ainda sinalizam a participação direta nas operações de outros dois intermediários: o empresário Thiago Miranda – fundador e sócio do Portal Leo Dias –, e Fabiano Zettel, apontado pela Polícia Federal como o principal operador financeiro de Vorcaro.  As mensagens obtidas pelo Intercept abrangem o período de dezembro de 2024 a novembro de 2025 e incluem diálogos do banqueiro com diversos interlocutores. O conteúdo do vazamento foi verificado por meio de cruzamento de informações contidas nos diálogos com dados públicos e sigilosos. Entre os elementos que confirmaram a autenticidade do material estão dados bancários e telefônicos, inquéritos policiais, registros do Congresso Nacional e de redes sociais.  De acordo com as conversas a que tivemos acesso, o relacionamento entre Flávio Bolsonaro e Daniel Vorcaro para viabilizar a produção internacional do filme contava com um intermediário no fim de 2024 e, no ano seguinte, evoluiu para uma interlocução direta, marcada por cobranças para a liberação de dinheiro, tratativas operacionais e demonstrações de proximidade pessoal.  As conversas também indicam que Daniel Vorcaro acompanhava pessoalmente o andamento dos pagamentos e atribuía prioridade ao filme em relação a outros compromissos financeiros.  O Intercept entrou em contato por e-mail com advogados do ex-presidente Jair Bolsonaro, mas não obteve retorno até a publicação desta reportagem. ‘Flavio está ciente de tudo’  A primeira aproximação registrada pelas conversas obtidas pelo Intercept ocorreu em 8 de dezembro de 2024, quando o empresário Thiago Miranda, então CEO do Portal Leo Dias, organizou um encontro entre Flávio Bolsonaro e Vorcaro em Brasília.   Na mensagem para confirmar o encontro, Miranda afirmou ao banqueiro que o senador queria tratar do “filme do presidente e do SBT $$” [uma possível referência ao canal de televisão SBT], acrescentando que “Flavio está ciente de tudo”.   Thiago Miranda e Leo Dias foram contatados para comentar as trocas de mensagens. Até a publicação da reportagem, não houve resposta. O espaço segue aberto e, caso haja retorno, o texto será atualizado.  O SBT, por sua vez, respondeu que, “nunca teve qualquer tipo de contrato com o Banco Master” e que “o produto CredCesta, vinculado ao Grupo Master, fez ações comerciais de fevereiro a dezembro de 2024 em programa do SBT” e que “a relação do SBT com o Banco Master foi a mesma que com todos os seus anunciantes, com estritamente a comercialização de espaços publicitários”. A reunião foi marcada, segundo os registros, para 11 de dezembro, às 17h30, na residência de Vorcaro em Brasília. Naquele dia, Flávio Bolsonaro participou de uma reunião deliberativa na Comissão de Constituição, Justiça e Cidadania, a CCJ. O vídeo disponível no canal do Senado no YouTube mostra que, por volta das 17h30, ele recebe um telefonema, se levanta e sai da sala.   As imagens mostram Flávio voltando a se sentar na sua cadeira poucos minutos depois das 18h, o que sugere que uma possível participação na reunião poderia ter ocorrido de forma remota ou em outro local.  Pouco menos de uma hora após o horário previsto para o encontro, às 18h24, as mensagens obtidas pelo Intercept mostram que Mario Frias enviou um áudio para Vorcaro agradecendo pelo apoio ao projeto. Frias afirmou que o filme “vai mexer com o coração de muita gente” e seria importante para o país. Na sequência, ele e o banqueiro fizeram uma ligação telefônica entre si.  Nos meses seguintes, as mensagens indicam avanço das negociações. No início de 2025, Miranda e Flávio pressionam Vorcaro para destravar os contratos e iniciar os aportes. No dia 20 de janeiro, Miranda encaminhou a Vorcaro uma captura de tela em que um número atribuído a Flávio Bolsonaro pedia que o jurídico do investidor fosse pressionado para concluir o processo. Horas depois, Vorcaro respondeu a Miranda, na época CEO do Portal Leo Dias: “Vou atras aqui”.  As conversas mostram que o cronograma de pagamentos passou a ser acompanhado diretamente pelo banqueiro e por Fabiano Zettel, apontado nas mensagens como responsável pela operacionalização jurídica e financeira do aporte. Entramos em contato com o advogado de Zettel, Celso Vilardi, mas ele não respondeu aos questionamentos feitos pela reportagem.  No dia 21 de janeiro, Zettel explicou a Vorcaro que o filme teria um fluxo específico de pagamentos: dez parcelas de 2,5 milhões de dólares. Meses depois, em agosto do mesmo ano, Miranda enviou a Daniel Vorcaro um documento com uma tabela indicando que o fluxo de pagamentos acordado foi diferente: 14 parcelas – 12 delas de 1,666 milhão de dólares e duas de 2 milhões de dólares.  Ainda em janeiro, no dia 28, Vorcaro demonstrou preocupação com os atrasos nos repasses financeiros e afirmou que o projeto cinematográfico era prioridade absoluta ao definir o pagamento como “o mais importante disparado”. E deu uma ordem: “Nao pode falhar mais”.  As mensagens também revelam dificuldades operacionais para a remessa internacional dos recursos. Em fevereiro, Zettel relatou sucessivas recusas do setor de câmbio do Banco Master para realizar a operação e que informações de cadastro eram “meio estranhas”. Vorcaro, então, orientou que o pagamento fosse realizado “via entre”, uma referência à empresa Entre Investimentos e Participações. Embora o Grupo Entre Investimentos e Participações e Vorcaro neguem qualquer vínculo societário, de controle ou governança entre as partes, processos judiciais e administrativos obtidos pelo Intercept evidenciam uma conexão operacional e financeira entre o grupo e o banqueiro. Em março de 2026, após o Banco Central decretar a liquidação extrajudicial da Entrepay, uma empresa que pertencia ao Grupo, autoridades passaram a investigar a suspeita de que Vorcaro atuaria como dono oculto da empresa. Segundo matérias publicadas por Metrópoles e Estadão, investigadores avaliam que Antônio Carlos Freixo Júnior — executivo ligado ao Grupo Entre e identificado nas mensagens do vazamento obtido pelo Intercept como Mineiro — funcionaria como operador de interesses do banqueiro dentro da companhia.  Apesar das negativas oficiais, as mensagens indicam haver uma ligação entre Vorcaro e Freixo. Em fevereiro de 2025, segundo os registros, Fabiano Zettel perguntou a Vorcaro se poderia “pedir pro Minas” logo após o banqueiro sugerir fazer a operação “via entre”. O telefone de Freixo foi salvo na agenda de contatos de Vorcaro como Mineiro.  O Intercept enviou mensagem por WhatsApp e telefonou para Antônio Carlos Freixo Júnior, mas não obteve retorno até a publicação desta reportagem. Dias depois, em 14 de fevereiro de 2025, Zettel encaminhou ao banqueiro o comprovante de uma transferência internacional de 2 milhões de dólares para o Havengate Development Fund LP, identificado nas mensagens como o fundo ligado à produção do filme. A Entre Investimentos e Participações aparece no registro como a remetente do valor.  O Grupo Entre, controlador da Entre Investimentos e Participações, foi contatado pela reportagem e disse em nota que “não existe vínculo societário, de controle ou de governança da empresa com Daniel Vorcaro. A empresa reafirma seu compromisso com a transparência, permanecendo à disposição das autoridades para os esclarecimentos necessários”.  Documentos societários obtidos pelo Intercept mostram que o fundo Havengate Development Fund LP foi registrado no Texas, nos Estados Unidos, e tem como agente legal o escritório “Law Offices of Paulo Calixto PLLC”, de Paulo Calixto, advogado de Eduardo Bolsonaro.  Nos registros, o fundo aparece como sendo pertencente à companhia quase homônima Havengate Development Fund GP LLC, registrada no mesmo endereço comercial em Dallas.  Os documentos desta segunda firma apontam o corretor de imóveis Altieris Santana como membro do quadro societário do fundo e Paulo Calixto como membro e administrador. Ambos aparecem vinculados ao mesmo endereço comercial utilizado pelo Havengate. Em março de 2025, de acordo com os registros obtidos pelo Intercept, Vorcaro voltou a cobrar a quitação das parcelas ainda pendentes. Em uma mensagem enviada no dia 12 daquele mês, ele encaminhou um cronograma de desembolsos indicando que apenas a primeira parcela havia sido paga até então. O documento previa seis parcelas somando 10,6 milhões de dólares entre janeiro e maio de 2025.  Em contato telefônico, Altieris Santana se recusou a prestar informações à reportagem, indicando Paulo Calixto como representante legal. Paulo Calixto, por sua vez, não respondeu aos contatos telefônicos, por e-mail e via mensagem feitos pelo Intercept. Crise do Master atrapalha ‘Dark Horse’  No dia 21 de março, o nome de Eduardo Bolsonaro apareceu pela primeira vez nas conversas a que tivemos acesso. Thiago Miranda encaminhou a Vorcaro uma captura de tela em que um número atribuído a Eduardo sugere alternativas para facilitar o envio dos recursos aos EUA – e informa que Altieris Santana, controlador do fundo Havengate, estaria disponível para reuniões presenciais relacionadas à operação financeira.  No contato com a reportagem do Intercept, Altieris Santana se recusou a comentar a relação com o filho do ex-presidente ou a intermediação dos pagamentos. O Intercept também questionou por e-mail o ex-deputado Eduardo Bolsonaro, mas não recebeu resposta até a publicação deste texto.  O cronograma de financiamento do filme coincidiu com a tentativa fracassada de Vorcaro de vender o Master para o Banco de Brasília, o BRB, e com a crescente atenção das autoridades, que culminaria na sua prisão. Ao longo do segundo semestre de 2025, as mensagens indicam aumento da pressão financeira sobre Vorcaro e uma intensificação do contato direto com Flávio Bolsonaro.  Em agosto, Miranda enviou ao banqueiro a imagem de uma tabela intitulada “Funding Schedule Havengate Dev Fund”, segundo a qual 10,6 milhões de dólares já haviam sido transferidos de um total previsto de 23,9 milhões de dólares. Vorcaro respondeu: “segunda fazemos duas”, e Miranda afirmou estar “monitorando essa reta final”.  A reportagem do Intercept telefonou para Miranda e enviou questionamentos a ele por WhatsApp, mas não obteve resposta até a publicação desta reportagem.  Pouco depois, em 8 de setembro, alguns dias antes de Jair Bolsonaro ser condenado pela trama golpista, Flávio Bolsonaro enviou um áudio diretamente a Vorcaro cobrando o saldo pendente e alertando para o risco de paralisação da produção do filme.  Na gravação, o senador diz que havia preocupação com o atraso nos pagamentos a profissionais internacionais envolvidos na produção. “Imagina a gente dando calote num Jim Caviezel [ator que interpreta Jair Bolsonaro no filme], num Cyrus [Nowrasteh, diretor do filme], os caras, pô, renomadíssimos lá no cinema americano e mundial. Pô, ia ser muito ruim”, afirmou Flávio.  Flávio também disse que o não cumprimento dos compromissos financeiros poderia comprometer contratos, elenco, direção e toda a equipe do longa. “Agora que é a reta final que a gente não pode vacilar, não pode não honrar com os compromissos aqui, porque senão a gente perde tudo”, declarou. Na resposta, Vorcaro pediu 
desculpas, afirmou que a semana anterior havia sido muito difícil para ele e prometeu resolver a situação até o dia seguinte. Na mesma noite, os dois fizeram uma ligação telefônica de cerca de dois minutos e meio, de acordo com os registros obtidos pelo Intercept.  Cinco dias antes dessas mensagens entre Flávio e Vorcaro, o BRB anunciou que o Banco Central havia reprovado a venda do Master.  ‘Tudo isso só está sendo possível por causa de vc’  As conversas seguintes mostram a manutenção do contato frequente entre ambos. Ainda em setembro, Flávio e Vorcaro realizaram quatro ligações e marcaram encontros presenciais em São Paulo.  Em uma troca de mensagens no dia 17, Vorcaro perguntou “14:30?”, ao que Flávio respondeu: “Blz”. Em outubro, as cobranças se intensificaram novamente. No dia 22, Flávio informou que as filmagens já estavam no terceiro dia e que a produção havia chegado “no limite”. O senador afirmou que, caso o apoio financeiro não pudesse continuar, seria necessário avisar para que a equipe buscasse “outro caminho”. O banqueiro o tranquilizou: “Deixa comigo”. No mesmo dia, Flávio convidou Vorcaro para um jantar em São Paulo com o ator Jim Caviezel e o diretor Cyrus Nowrasteh em 2 de novembro. O banqueiro sugeriu realizar o encontro em sua própria residência e que poderia reorganizar sua agenda para comparecer, pois “tinha uma viagem”. Flávio sugeriu, mais tarde, a data de 6 de novembro. Não há confirmação, nos registros, se o jantar de fato ocorreu. Enviamos questionamentos para Nowrasteh e Caviezel, mas não houve resposta até o momento de publicação.  No dia 7 de novembro, após enviar a Vorcaro um vídeo de visualização única, Flávio escreveu: “Tá perdendo, irmão! Tudo isso só está sendo possível por causa de vc”. Vorcaro responde: “Que demais”. Em seguida, diz: “Ficou perfeito”. Em dezembro de 2025, o Intercept revelou que Karina Ferreira da Gama, produtora do filme no Brasil, havia recebido pelo menos R$ 108 milhões da Prefeitura de São Paulo para operar um contrato de Wi-Fi público sem concluir entregas previstas. Desde março, o Ministério Público está investigando o contrato. A origem do dinheiro que custeou a super produção permanecia, no entanto, uma incógnita. Enviamos questionamentos para Gama, mas não houve resposta até a publicação. O espaço segue aberto.  O protagonista Jim Caviezel chegou a anunciar a estreia do filme “Dark Horse” para 11 de setembro de 2026, poucas semanas antes da eleição presidencial que Flávio Bolsonaro espera vencer. O site oficial do filme, no entanto, não confirma que a produção tem data para chegar ao Brasil."
"Escândalo do BolsoMaster derruba candidatura de Flávio Bolsonaro, aponta Atlas",brasil 247,esquerda,https://www.brasil247.com/brasil/escandalo-do-bolsomaster-derruba-candidatura-de-flavio-bolsonaro-aponta-atlas,"O desgaste provocado pela crise envolvendo o Banco Master atingiu diretamente a pré-campanha presidencial do senador Flávio Bolsonaro (PL-RJ). Tracking diário do Instituto Atlas mostra que o parlamentar sofreu forte queda nas simulações de segundo turno contra o presidente Luiz Inácio Lula da Silva (PT), que agora aparece com 54% dos votos válidos, contra 46% do filho do ex-presidente Jair Bolsonaro.Os dados, divulgados pela CNN Brasil e atualizados nesta sexta-feira (15), indicam que o vazamento de áudios em que Flávio Bolsonaro menciona o banqueiro Daniel Vorcaro provocou perda de apoio entre eleitores indecisos, moderados e de centro político — segmentos considerados estratégicos para qualquer candidatura competitiva em nível nacional.A nova rodada do levantamento confirma uma mudança relevante no cenário eleitoral. Após meses de equilíbrio e oscilações dentro da margem de erro, Lula passou a abrir vantagem consistente sobre o senador fluminense, ampliando a distância entre os dois adversários para oito pontos percentuais nos votos válidos.Recuo aparece na série histórica Os números do tracking mostram que Flávio Bolsonaro vinha conseguindo manter competitividade no segundo turno até março deste ano. Naquele momento, o senador chegou a registrar 50,5% dos votos válidos, enquanto Lula aparecia com 49,5%.O cenário começou a mudar em abril, período marcado pela repercussão da crise ligada ao Banco Master e pela divulgação dos áudios envolvendo Daniel Vorcaro. Desde então, o candidato do PL passou a perder terreno de forma acelerada.Na rodada mais recente, Flávio Bolsonaro caiu para 46%, consolidando a pior marca da série apresentada pelo Instituto Atlas. Lula, por outro lado, avançou para 54%, registrando sua melhor performance no levantamento.Moderados abandonam candidatura Segundo fontes ligadas ao instituto, o principal impacto da crise ocorreu entre eleitores sem alinhamento ideológico rígido. O tracking aponta que a candidatura de Flávio Bolsonaro perdeu força justamente entre setores moderados e de centro, considerados decisivos em disputas de segundo turno.A avaliação é que a repercussão negativa do caso aumentou a resistência ao senador fora da base bolsonarista mais fiel, dificultando sua capacidade de ampliar alianças e conquistar novos segmentos do eleitorado.O levantamento também sugere que a crise enfraqueceu a estratégia da direita de consolidar rapidamente o nome de Flávio Bolsonaro como principal herdeiro político do bolsonarismo para a eleição presidencial de 2026.Direita segue sem reação O tracking do Instituto Atlas avaliou ainda outros nomes cotados no campo conservador. Segundo os dados, Ronaldo Caiado (União Brasil), Romeu Zema (Novo) e Renan Santos (Missão) tiveram pequenas oscilações positivas em cenários de primeiro turno, mas perderam desempenho nas projeções de segundo turno.Apesar das movimentações internas da direita, nenhum dos nomes apresentou crescimento suficiente para alterar de forma significativa o quadro eleitoral diante de Lula.Com isso, o levantamento reforça a percepção de que o cenário político passou por uma inflexão após a crise do Banco Master, ampliando as dificuldades de Flávio Bolsonaro na tentativa de se viabilizar como principal adversário do presidente na disputa de 2026. BrasilContradições sobre contrato e financiamento de filme de Bolsonaro ampliam pressão sobre filhos do ex-presidente BrasilFilme grotesco sobre Bolsonaro tem roteiro vazado com cenas messiânicas e ataques à esquerda BrasilUrgente: fundo de advogado que recebeu dinheiro de Vorcaro comprou casa no Texas, estado onde vive Eduardo Bolsonaro"
PT amplia ofensiva e mira Flávio e Eduardo Bolsonaro após caso Master,brasil 247,esquerda,https://www.brasil247.com/brasil/pt-amplia-ofensiva-e-mira-flavio-e-eduardo-bolsonaro-apos-caso-master,"O Partido dos Trabalhadores (PT) decidiu intensificar os ataques políticos contra Flávio Bolsonaro (PL-RJ) e ampliar a ofensiva também para Eduardo Bolsonaro, em meio às revelações sobre o financiamento do filme biográfico Dark Horse, que retrata a trajetória do ex-presidente Jair Bolsonaro. As informações foram divulgadas inicialmente pelo portal Intercept Brasil e repercutidas pelo Metrópoles.Segundo as reportagens, o banqueiro Daniel Vorcaro, dono do Banco Master, teria desembolsado cerca de R$ 61 milhões para financiar o longa-metragem. Os recursos, conforme revelado, teriam sido solicitados por Flávio Bolsonaro. O contrato da produção também aponta Eduardo Bolsonaro como produtor-executivo da obra, ao lado do deputado federal Mario Frias (PL).A movimentação elevou a pressão política sobre os filhos do ex-presidente e colocou a pré-candidatura de Flávio ao Palácio do Planalto no centro de uma crise. Paralelamente, a Polícia Federal investiga se parte dos recursos ligados ao projeto teria sido utilizada para custear despesas de Eduardo Bolsonaro nos Estados Unidos, onde ele reside desde março de 2025.PT aposta em desgaste político da família Bolsonaro Dirigentes petistas afirmam que não houve orientação direta do Palácio do Planalto para o início da ofensiva. A estratégia, segundo integrantes da legenda, foi construída internamente e faz parte da linha adotada pelo partido de manter críticas permanentes ao principal grupo político de oposição ao presidente Luiz Inácio Lula da Silva.Apesar da escalada dos ataques, o PT busca evitar excessos no discurso público. A orientação predominante é utilizar reportagens já publicadas pela imprensa como base das críticas, sem acrescentar adjetivações ou acusações próprias. A avaliação interna é que a reprodução de informações divulgadas por veículos jornalísticos fortalece a credibilidade da estratégia política.Ao mesmo tempo, o partido também aposta em conteúdos produzidos para viralização nas redes sociais. Um dos exemplos foi um jingle divulgado após a revelação das mensagens entre Flávio Bolsonaro e Daniel Vorcaro. Produzida com inteligência artificial e em ritmo de forró, a peça faz referência ao caso das rachadinhas e termina com o bordão “Sai pra lá, Bolsonarinho”.PF investiga uso de recursos nos Estados Unidos As investigações da Polícia Federal também apuram se valores relacionados ao financiamento do filme foram destinados a ações de lobby contra autoridades brasileiras nos Estados Unidos. Segundo o Metrópoles, investigadores avaliam possíveis articulações com integrantes do governo do presidente Donald Trump, atual chefe da Casa Branca.A suspeita levantada pelos investigadores é de que recursos ligados ao projeto cinematográfico possam ter sido usados em ações políticas e institucionais fora do Brasil. O caso passou a ser explorado pelo PT como uma oportunidade de enfraquecer o campo bolsonarista às vésperas da disputa presidencial.Nos bastidores do partido, a avaliação é de que o envolvimento simultâneo de Flávio e Eduardo Bolsonaro no episódio pode ampliar o desgaste da família e atingir diretamente a tentativa do ex-presidente Jair Bolsonaro de consolidar um herdeiro político para a eleição presidencial.Centrão avalia alternativas para 2026 Enquanto a crise se aprofunda, setores do Centrão e do mercado financeiro já discutem alternativas para a disputa presidencial de 2026. Segundo informações publicadas pelo Metrópoles, há articulações em torno de uma possível chapa formada pela senadora Tereza Cristina (PP-MS) e pela ex-primeira-dama Michelle Bolsonaro (PL).Flávio Bolsonaro, porém, rejeita qualquer hipótese de substituição. Em entrevista ao Metrópoles, o senador afirmou categoricamente: “Michelle não será candidata”.Mesmo assim, integrantes do PT acreditam que ainda é cedo para prever uma eventual desistência de Flávio. A leitura interna é que a decisão final dependerá diretamente do ex-presidente Jair Bolsonaro, que segue como principal liderança do grupo político conservador.Contrato do filme cita Eduardo Bolsonaro O Intercept Brasil revelou que teve acesso ao contrato da produção de Dark Horse, firmado em novembro de 2023 e assinado por Eduardo Bolsonaro em janeiro de 2024. O documento coloca a empresa GoUp Entertainment, sediada nos Estados Unidos, como responsável pela produção do filme.Além de Eduardo Bolsonaro, o deputado federal Mario Frias aparece como produtor-executivo do projeto. Segundo o contrato, ambos teriam atribuições relacionadas à gestão financeira e ao orçamento da produção cinematográfica.Após a divulgação das informações, Eduardo Bolsonaro negou que tenha administrado os recursos milionários do projeto. Em vídeo publicado nas redes sociais, ele afirmou que sua participação inicial envolveu recursos próprios destinados ao desenvolvimento do roteiro.“Peguei R$ 350 mil, transformei em cerca de US$ 50 mil e mandei para os Estados Unidos para garantir o contrato com um diretor de Hollywood”, declarou.Eduardo e Flávio negam irregularidades Eduardo Bolsonaro também acusou o Intercept Brasil de promover um “vazamento seletivo” para prejudicar politicamente sua família. Segundo ele, o objetivo seria atingir a imagem de Flávio Bolsonaro. “O Intercept está fazendo um vazamento seletivo, algo criminoso para tentar assassinar a reputação do Flávio Bolsonaro, porque ele lidera as pesquisas para presidente”, afirmou.Já Flávio Bolsonaro sustenta que o aporte financeiro para o filme ocorreu de forma regular e privada. Segundo ele, o projeto cinematográfico trata da história de seu pai e não possui qualquer irregularidade. “Foi tudo para tratar sobre o filme, não vai ter surpresinha”, declarou o senador em entrevista à CNN. Flávio também negou proximidade pessoal com Daniel Vorcaro. “Nunca viajei com ele, não tinha convívio social com ele. Minha conexão foi estritamente para o investimento do filme”, afirmou. BrasilLula amplia agenda econômica, reage nas pesquisas e vê oposição sob pressão BrasilAntes da versão pró-vacina, Flávio Bolsonaro defendeu cloroquina e atacou isolamento na pandemia MídiaEscândalo de Flávio-Vorcaro abalou a direita bolsonarista, aponta Miriam Leitão"
Bolsomaster: trackings acessados pelo governo Lula estimam resultado desastroso a Flávio Bolsonaro,dcm,esquerda,https://www.diariodocentrodomundo.com.br/bolsomaster-trackings-acessados-pelo-governo-lula-estimam-resultado-desastroso-a-flavio-bolsonaro/,"O governo Lula (PT) teve acesso a trackings encomendados por um grande banco que mediram o impacto das revelações sobre a ligação entre o senador Flávio Bolsonaro (PL-RJ) e o ex-banqueiro Daniel Vorcaro, dono do Banco Master. Segundo Lauro Jardim, no Globo, o resultado foi considerado ruim para o filho do ex-presidente Jair Bolsonaro (PL).  De acordo com as medições, no dia seguinte à reportagem do Intercept Brasil, na quinta-feira (14), Flávio havia caído dois pontos percentuais, enquanto Lula subiu um ponto. Até então, os dois apareciam empatados na disputa presidencial de 2026 em cenário de segundo turno.  Na medição seguinte, feita na sexta-feira (15), o impacto sobre o pré-candidato bolsonarista teria se mostrado mais forte. Lula aparecia sete pontos percentuais à frente de Flávio Bolsonaro, indicando que a repercussão do caso conhecido como “Bolsomaster” pode ter ultrapassado o ambiente político e chegado ao eleitorado.  Trackings são pesquisas de opinião de consumo interno, encomendadas por candidatos, partidos, bancos ou empresas. Em períodos eleitorais, costumam ser feitas diariamente para captar tendências do eleitorado de forma mais rápida do que levantamentos tradicionais. Por esse motivo, são usados para medir efeitos imediatos de crises, escândalos e mudanças de cenário. O caso ganhou força após o Intercept Brasil revelar conversas entre Flávio Bolsonaro e Daniel Vorcaro sobre o financiamento do filme “Dark Horse”, produção sobre a trajetória de Jair Bolsonaro. A reportagem mostrou que o senador cobrou repasses ao banqueiro, que foi preso em meio a investigações envolvendo o Banco Master.  O Datafolha divulgado neste sábado (16), porém, ainda mostra Lula e Flávio Bolsonaro empatados na simulação de segundo turno da eleição presidencial de 2026. O levantamento foi realizado na terça-feira (12) e na quarta-feira (13), com a maior parte das entrevistas feita antes da divulgação das conversas entre o senador e Vorcaro.  Na pesquisa Datafolha, Lula e Flávio aparecem com 45% das intenções de voto cada um. Outros 9% dos entrevistados afirmam que votariam em branco ou nulo, enquanto 1% diz não saber. O levantamento ouviu 2.004 pessoas com 16 anos ou mais, em 139 municípios brasileiros.  A margem de erro da pesquisa é de dois pontos percentuais, para mais ou para menos, com nível de confiança de 95%. O registro no Tribunal Superior Eleitoral é BR-00290/2026. Como as entrevistas foram feitas antes da maior repercussão do caso, o levantamento não captou integralmente o impacto das revelações sobre o “Bolsomaster”."
Os efeitos do caso Master e do PCC na campanha de Flávio Bolsonaro,dcm,esquerda,https://www.diariodocentrodomundo.com.br/os-efeitos-do-caso-master-e-do-pcc-na-campanha-de-flavio-bolsonaro/,"Dois casos investigados nos últimos meses passaram a atingir, ainda que de forma indireta, a pré-campanha de Flávio Bolsonaro à Presidência. Os casos Banco Master e Carbono Oculto devem dar munição a aliados de Lula na disputa eleitoral de 2026.  No caso Master, o principal desgaste envolve Ciro Nogueira, presidente nacional do PP e aliado próximo da família Bolsonaro. O senador foi alvo da Polícia Federal na semana passada após a divulgação de diálogos que indicariam o recebimento de uma mesada do banqueiro Daniel Vorcaro.  Ciro Nogueira era tratado como peça importante para ampliar a base de Flávio Bolsonaro no Centrão. O senador do PP foi citado pelo filho de Jair Bolsonaro como nome com “todas as credenciais” para ocupar a vice em uma chapa presidencial.  A operação da Polícia Federal sobre o Banco Master acendeu alerta no entorno de Flávio Bolsonaro e passou a interferir nas negociações da direita para 2026. Os integrantes da campanha admitem impacto no campo bolsonarista, já que o PP era cotado para indicar o vice na chapa. A segunda frente é a Operação Carbono Oculto, que apura possível lavagem de dinheiro do PCC por meio de fintechs e do setor de combustíveis. As investigações trouxeram revelações que afetam pessoas ligadas à campanha de Flávio Bolsonaro.  Os dois casos, somados, criam um flanco político contra o pré-candidato do PL. A avaliação é que a proximidade de aliados de Flávio Bolsonaro com alvos ou personagens atingidos pelas apurações pode ser explorada por adversários durante a campanha.  A pré-campanha de Flávio Bolsonaro já vinha tentando reorganizar alianças em meio ao avanço de investigações sobre o Banco Master. Agora, a combinação entre Master e Carbono Oculto amplia o desgaste sobre o núcleo político que tenta viabilizar o senador como candidato do bolsonarismo contra Lula."
Empresa ligada a filme sobre Bolsonaro nega dinheiro de Vorcaro,carta capital,esquerda,https://www.cartacapital.com.br/justica/empresa-ligada-a-filme-sobre-bolsonaro-nega-dinheiro-de-vorcaro-flavio-confirma-negociacao/,"A GoUp Entertainment, uma das produtoras responsáveis pelo filme em inglês baseado na vida de Jair Bolsonaro, negou que tenha recebido repasses financeiros de Daniel Vorcaro e do banco Master para a obra cinematográfica. A manifestação foi divulgada após reportagem do The Intercept Brasil revelar áudios, mensagens e documentos que indicam uma negociação de 24 milhões de dólares, cerca de 134 milhões de reais, entre o senador Flávio Bolsonaro e Vorcaro para bancar o filme. Segundo a apuração, ao menos 10,6 milhões de dólares, aproximadamente 61 milhões de reais, teriam sido pagos entre fevereiro e maio de 2025. “A GOUP Entertainment afirma categoricamente que, dentre os mais de uma dezena de investidores que compõem o quadro de financiadores do longa-metragem Dark Horse, não consta um único centavo proveniente do sr. Daniel Vorcaro, do Banco Master ou de qualquer outra empresa sob o seu controle societário”, afirmou a produtora, em nota. A empresa diz que o projeto foi estruturado dentro de um “modelo privado de desenvolvimento audiovisual”, por meio de articulações, parcerias e mecanismos do mercado de entretenimento nacional e internacional, sem uso de recursos públicos. Também afirmou que conversas, apresentações de projeto ou tratativas com potenciais apoiadores “não configuram, por si sós, efetivação de investimento, participação societária ou transferência de recursos”. A negativa aprofunda os problemas do filho de Bolsonaro, pré-candidato à Presidência. A reportagem do Intercept afirma ter identificado movimentações financeiras da empresa Entre Investimentos e Participações, que atuava em parceria com empresas de Vorcaro, para o fundo Havengate Development Fund LP, sediado no Texas, nos Estados Unidos, e controlado por aliados de Eduardo Bolsonaro. O dinheiro, segundo o Intercept, seria destinado ao projeto cinematográfico ligado à família Bolsonaro. Flávio Bolsonaro, que inicialmente negou o financiamento ao filme, admitiu a negociação após a publicação da reportagem, mas negou qualquer ilegalidade. Em nota, o senador afirmou que se tratava de “um filho procurando patrocínio privado para um filme privado sobre a história do próprio pai” e defendeu a instalação de uma CPI do Banco Master. “Zero de dinheiro público. Zero de Lei Rouanet”, escreveu Flávio. O senador também afirmou ter conhecido Vorcaro em dezembro de 2024, quando, segundo ele, “não existiam acusações nem suspeitas públicas sobre o banqueiro”. Disse ainda não ter oferecido vantagens, promovido encontros privados fora da agenda, intermediado negócios com o governo ou recebido dinheiro. O publicitário Thiago Miranda, sócio do portal LeoDias, e também apontado pela PF como um dos intermediadores da proposta, confirmou a CartaCapital ter intermediado uma negociação entre o senador e o ex-CEO para o repasse dos 62 milhões. Embora o valor da proposta de financiamento fosse maior, 134 milhões, o aporte foi menor devido à crise pela qual passava o Master, que à época já era alvo de questionamentos por parte do Banco Central, antes de ser liquidado em novembro de 2025. A Polícia Federal segue investigando o caso no âmbito da Operação Compliance Zero, que investiga o esquema de fraudes financeiras, lavagem de dinheiro e corrupção envolvendo o Banco Master. Nesta quinta-feira 14, o pai do empresário, Henrique Vorcaro, foi preso em uma nova fase da operação, por ser apontado como um dos beneficiários do filho, com recebimento de valores em sua conta. O filme de Bolsonaro Desde que surgiram as primeiras imagens do ator americano Jim Caviezel caracterizado como Jair Bolsonaro, Dark Horse já provocava estranhamento. O ator ficou conhecido mundialmente ao interpretar Jesus Cristo em A Paixão de Cristo, de Mel Gibson, e nos últimos anos passou a ocupar lugar de destaque em produções voltadas ao público cristão e conservador dos Estados Unidos. Em 2023, protagonizou O Som da Liberdade, fenômeno de bilheteria que mobilizou igrejas, influenciadores de direita e campanhas organizadas de compra de ingressos. Uma das produtoras americanas associadas ao projeto, a Damascus Road Productions, atua no segmento conhecido como faith-based, voltado a conteúdos de “fé e família”. É um mercado com canais próprios de circulação: igrejas, plataformas segmentadas, distribuidoras especializadas, rádios religiosas, podcasts e influenciadores conservadores. Recomendadas Em ação com a Interpol, PF prende em Dubai hacker do Caso Master Mendonça prevalece e STF rejeita ação sobre monitoramento de jornalistas e deputados TCU é acionado para investigar financiamento de filme sobre Bolsonaro Dino abre investigação sobre envio de emendas a filme sobre Bolsonaro Mais Lidas CartaCapital Há 31 anos, a maior referência progressista em jornalismo no Brasil. ENTENDA MAIS SOBRE: Banco Master, Daniel Vorcaro, Flávio Bolsonaro, Jair Bolsonaro, Thiago Miranda, Jornalismo crítico e inteligente. Todos os dias, no seu e-mail Assine nossa newsletter Assine nossa newsletter e receba um boletim matinal exclusivo Assinar Inscreva-se Apoie o jornalismo que chama as coisas pelo nome Muita gente esqueceu o que escreveu, disse ou defendeu. Nós não. O compromisso de CartaCapital com os princípios do bom jornalismo permanece o mesmo. O combate à desigualdade nos importa. A denúncia das injustiças importa. Importa uma democracia digna do nome. Importa o apego à verdade factual e a honestidade. Estamos aqui, há mais de 30 anos, porque nos importamos. Como nossos fiéis leitores, CartaCapital segue atenta. Se o bom jornalismo também importa para você, nos ajude a seguir lutando. Assine a edição semanal de CartaCapital ou contribua com o quanto puder. Única Mensal Anual R$25 R$50 R$100 R$200 Outro Quero apoiar Leia também Justiça Empresário confirma ter intermediado repasses de Vorcaro a Flávio Bolsonaro Por Maiara Marinho Justiça Os argumentos de André Mendonça para mandar prender o pai de Vorcaro Por CartaCapital Justiça Pai de Vorcaro é preso em nova operação da PF sobre o caso Master Por CartaCapital Justiça O banqueiro, o 01 e o messias de peruca Por Thais Reis Oliveira Política Lindbergh pede prisão de Flávio Bolsonaro por suposto pedido de R$ 134 milhões a Vorcaro Por CartaCapital Jornalismo crítico e inteligente. Todos os dias, no seu e-mail Assine nossa newsletter Assine nossa newsletter e receba um boletim matinal exclusivo Assinar Inscreva-se O senador Flávio Bolsonaro (PL-RJ) e Daniel Vorcaro, do Banco Master. Fotos: Edilson Rodrigues/Agência Senado e Esfera Brasil/Reprodução Apoie Siga-nos no A GoUp Entertainment, uma das produtoras responsáveis pelo filme em inglês baseado na vida de Jair Bolsonaro, negou que tenha recebido repasses financeiros de Daniel Vorcaro e do banco Master para a obra cinematográfica. A manifestação foi divulgada após reportagem do The Intercept Brasil revelar áudios, mensagens e documentos que indicam uma negociação de 24 milhões de dólares, cerca de 134 milhões de reais, entre o senador Flávio Bolsonaro e Vorcaro para bancar o filme. Segundo a apuração, ao menos 10,6 milhões de dólares, aproximadamente 61 milhões de reais, teriam sido pagos entre fevereiro e maio de 2025. “A GOUP Entertainment afirma categoricamente que, dentre os mais de uma dezena de investidores que compõem o quadro de financiadores do longa-metragem Dark Horse, não consta um único centavo proveniente do sr. Daniel Vorcaro, do Banco Master ou de qualquer outra empresa sob o seu controle societário”, afirmou a produtora, em nota. A empresa diz que o projeto foi estruturado dentro de um “modelo privado de desenvolvimento audiovisual”, por meio de articulações, parcerias e mecanismos do mercado de entretenimento nacional e internacional, sem uso de recursos públicos. Também afirmou que conversas, apresentações de projeto ou tratativas com potenciais apoiadores “não configuram, por si sós, efetivação de investimento, participação societária ou transferência de recursos”. A negativa aprofunda os problemas do filho de Bolsonaro, pré-candidato à Presidência. A reportagem do Intercept afirma ter identificado movimentações financeiras da empresa Entre Investimentos e Participações, que atuava em parceria com empresas de Vorcaro, para o fundo Havengate Development Fund LP, sediado no Texas, nos Estados Unidos, e controlado por aliados de Eduardo Bolsonaro. O dinheiro, segundo o Intercept, seria destinado ao projeto cinematográfico ligado à família Bolsonaro. Flávio Bolsonaro, que inicialmente negou o financiamento ao filme, admitiu a negociação após a publicação da reportagem, mas negou qualquer ilegalidade. Em nota, o senador afirmou que se tratava de “um filho procurando patrocínio privado para um filme privado sobre a história do próprio pai” e defendeu a instalação de uma CPI do Banco Master. “Zero de dinheiro público. Zero de Lei Rouanet”, escreveu Flávio. O senador também afirmou ter conhecido Vorcaro em dezembro de 2024, quando, segundo ele, “não existiam acusações nem suspeitas públicas sobre o banqueiro”. Disse ainda não ter oferecido vantagens, promovido encontros privados fora da agenda, intermediado negócios com o governo ou recebido dinheiro. O publicitário Thiago Miranda, sócio do portal LeoDias, e também apontado pela PF como um dos intermediadores da proposta, confirmou a CartaCapital ter intermediado uma negociação entre o senador e o ex-CEO para o repasse dos 62 milhões. Embora o valor da proposta de financiamento fosse maior, 134 milhões, o aporte foi menor devido à crise pela qual passava o Master, que à época já era alvo de questionamentos por parte do Banco Central, antes de ser liquidado em novembro de 2025. A Polícia Federal segue investigando o caso no âmbito da Operação Compliance Zero, que investiga o esquema de fraudes financeiras, lavagem de dinheiro e corrupção envolvendo o Banco Master. Nesta quinta-feira 14, o pai do empresário, Henrique Vorcaro, foi preso em uma nova fase da operação, por ser apontado como um dos beneficiários do filho, com recebimento de valores em sua conta. O filme de Bolsonaro Desde que surgiram as primeiras imagens do ator americano Jim Caviezel caracterizado como Jair Bolsonaro, Dark Horse já provocava estranhamento. O ator ficou conhecido mundialmente ao interpretar Jesus Cristo em A Paixão de Cristo, de Mel Gibson, e nos últimos anos passou a ocupar lugar de destaque em produções voltadas ao público cristão e conservador dos Estados Unidos. Em 2023, protagonizou O Som da Liberdade, fenômeno de bilheteria que mobilizou igrejas, influenciadores de direita e campanhas organizadas de compra de ingressos. Uma das produtoras americanas associadas ao projeto, a Damascus Road Productions, atua no segmento conhecido como faith-based, voltado a conteúdos de “fé e família”. É um mercado com canais próprios de circulação: igrejas, plataformas segmentadas, distribuidoras especializadas, rádios religiosas, podcasts e influenciadores conservadores. "
‘BolsoMaster’: vazamento de áudio de Flávio provoca a maior repercussão digital do caso Vorcaro,carta capital,esquerda,https://www.cartacapital.com.br/politica/bolsomaster-vazamento-de-audio-de-flavio-provoca-a-maior-repercussao-digital-do-caso-vorcaro/,"A revelação, pelo Intercept Brasil, de que o senador Flávio Bolsonaro (PL-RJ) negociou com o banqueiro Daniel Vorcaro uma ajuda financeira de 134 milhões de reais para a produção de um filme sobre Jair Bolsonaro provocou a maior onda de repercussão digital envolvendo o Banco Master nas últimas semanas. Um levantamento divulgado nesta quinta-feira 14 pelo Instituto Democracia em Xeque aponta que o episódio resultou em mais de 8,6 milhões de interações nas redes sociais e consolidou o termo “BolsoMaster” como principal eixo de desgaste da pré-campanha presidencial do senador. Desde o avanço das investigações do Caso Master, aliados do governo Lula e setores do PT buscam associar as suspeitas em torno da instituição financeira ao entorno bolsonarista. A estratégia, porém, ganhou nova dimensão com a revelação de que expoentes do bolsonarismo mantinham interlocução direta e relações políticas com Vorcaro. A publicação do Intercept sugere, por exemplo, que Flávio tinha uma proximidade com o banqueiro que ia além de contatos ocasionais sobre a cinebiografia Dark Horse. “Irmão, estou e estarei contigo sempre, não tem meia conversa entre a gente”, escreveu o senador ao empresário em 16 de novembro de 2025. De acordo com a reportagem, ao menos 10,6 milhões de dólares (aproximadamente 61 milhões de reais à época) foram pagos entre fevereiro e maio de 2025, em seis operações. Em nota, Flávio confirmou o pedido de dinheiro, afirmou tratar-se de “patrocínio” e defendeu a abertura de uma CPI sobre as fraudes do Master. A análise do Institutodx aponta que o caso atingiu 360 mil menções nas horas seguintes à matéria do Intercept, além de outras 123 mil nesta quinta-feira. O volume superou outros episódios recentes associados ao banco, incluindo menções ao Supremo Tribunal Federal e ao senador Ciro Nogueira (PP-PI), alvo de uma batida da Polícia Federal na semana passada. O monitoramento foi realizado com dados coletados via APIs públicas de plataformas como Facebook, Instagram, X/Twitter, TikTok e YouTube. Segundo o instituto, a base acompanha mais de 16 mil perfis ligados ao debate político brasileiro. A esquerda dominou a repercussão nas redes, tanto em número de publicações quanto em engajamento. Foram identificados 4.829 posts mencionando simultaneamente Vorcaro e Flávio no período analisado. Deles, 1.469 partiram de perfis ligados à esquerda, contra 1.133 da direita e 676 da imprensa. Nas interações, a diferença foi ainda maior: perfis de esquerda concentraram mais de 4 milhões de engajamentos, superando os números da imprensa e de influenciadores bolsonaristas. O estudo registra também que a direita concentrou sua reação em uma linha defensiva baseada na tese de que a cinebiografia teria sido financiada exclusivamente com recursos privados, sem uso de dinheiro público ou incentivos da Lei Rouanet. Já a esquerda explorou diferentes frentes narrativas, associando o caso a suspeitas de lavagem de dinheiro, contradições nas declarações de Flávio e possíveis impactos eleitorais para 2026. Entre os partidos, PT e PSOL lideraram o volume de interações sobre o tema. O PL concentrou publicações voltadas à defesa da legalidade do financiamento privado. Há ainda registros quanto a fissuras na direita: enquanto o ex-governador de Minas Gerais Romeu Zema (Novo) apressou-se em criticar Flávio, seu possível adversário na disputa presidencial, o governador de São Paulo, Tarcísio de Freitas (Republicanos), demorou a comentar o caso, postura que repercutiu nas redes sociais. Ainda conforme o Institutodx, o Intercept Brasil liderou o ranking de perfis com maior número de interações sobre o episódio, ultrapassando 1 milhão de engajamentos. Logo depois aparece o deputado federal Lindbergh Farias (PT-RJ), que pediu a prisão de Flávio, seguido por veículos de imprensa e jornalistas que ajudaram a ampliar a circulação das denúncias. Outro eixo de repercussão identificado pelo relatório envolve os valores atribuídos ao financiamento do filme. Publicações compararam os recursos mencionados no caso ao orçamento de produções brasileiras recentes, como Ainda Estou Aqui, levantando questionamentos sobre a destinação do dinheiro. Veja a íntegra do estudo: 14.05.26-Especial_-BOLSOMASTER Recomendadas CPI do Banco Master seguirá ordem regimental, afirma Hugo Motta Em ação com a Interpol, PF prende em Dubai hacker do Caso Master José Dirceu mantém pré-candidatura a deputado após diagnóstico de linfoma O próximo Datafolha para medir o impacto da negociação Flávio Bolsonaro-Daniel Vorcaro Mais Lidas Wendal Carmo Repórter do site de CartaCapital ENTENDA MAIS SOBRE: Banco Master, BolsoMaster, Daniel Vorcaro, Flávio Bolsonaro, Instituto Democracia em Xeque, PSOL, PT, Redes Sociais, Jornalismo crítico e inteligente. Todos os dias, no seu e-mail Assine nossa newsletter Assine nossa newsletter e receba um boletim matinal exclusivo Assinar Inscreva-se 2026 já começou Às vésperas das eleições de 2026, o País volta a encarar um ponto de inflexão: o futuro democrático está novamente em jogo. A ameaça bolsonarista não foi derrotada, apenas recuou. No Congresso, forças conservadoras seguem ditando o ritmo. Lá fora, o avanço da extrema-direita e os conflitos em Gaza, no Irã e na Ucrânia agravam a instabilidade global. Se você valoriza o jornalismo crítico, independente e comprometido com a democracia, este é o momento de agir. Assine ou contribua com o quanto puder. Assine a CartaCapital Faça uma doação Leia também Justiça Aliado de Flávio Bolsonaro aciona STF e TSE após reportagem do ‘Intercept’ Por Maiara Marinho Política Lula diz que áudio de Flávio Bolsonaro a Vorcaro é ‘caso de polícia’ Por CartaCapital CartaExpressa A 1ª pesquisa Atlas após as mensagens de Flávio Bolsonaro a Vorcaro Por CartaCapital Jornalismo crítico e inteligente. Todos os dias, no seu e-mail Assine nossa newsletter Assine nossa newsletter e receba um boletim matinal exclusivo Assinar Inscreva-se Em pronunciamento, o senador Flávio Bolsonaro. Foto: Marcos Oliveira/Agência Senado) Apoie Siga-nos no A revelação, pelo Intercept Brasil, de que o senador Flávio Bolsonaro (PL-RJ) negociou com o banqueiro Daniel Vorcaro uma ajuda financeira de 134 milhões de reais para a produção de um filme sobre Jair Bolsonaro provocou a maior onda de repercussão digital envolvendo o Banco Master nas últimas semanas. Um levantamento divulgado nesta quinta-feira 14 pelo Instituto Democracia em Xeque aponta que o episódio resultou em mais de 8,6 milhões de interações nas redes sociais e consolidou o termo “BolsoMaster” como principal eixo de desgaste da pré-campanha presidencial do senador. Desde o avanço das investigações do Caso Master, aliados do governo Lula e setores do PT buscam associar as suspeitas em torno da instituição financeira ao entorno bolsonarista. A estratégia, porém, ganhou nova dimensão com a revelação de que expoentes do bolsonarismo mantinham interlocução direta e relações políticas com Vorcaro. A publicação do Intercept sugere, por exemplo, que Flávio tinha uma proximidade com o banqueiro que ia além de contatos ocasionais sobre a cinebiografia Dark Horse. “Irmão, estou e estarei contigo sempre, não tem meia conversa entre a gente”, escreveu o senador ao empresário em 16 de novembro de 2025. De acordo com a reportagem, ao menos 10,6 milhões de dólares (aproximadamente 61 milhões de reais à época) foram pagos entre fevereiro e maio de 2025, em seis operações. Em nota, Flávio confirmou o pedido de dinheiro, afirmou tratar-se de “patrocínio” e defendeu a abertura de uma CPI sobre as fraudes do Master. A análise do Institutodx aponta que o caso atingiu 360 mil menções nas horas seguintes à matéria do Intercept, além de outras 123 mil nesta quinta-feira. O volume superou outros episódios recentes associados ao banco, incluindo menções ao Supremo Tribunal Federal e ao senador Ciro Nogueira (PP-PI), alvo de uma batida da Polícia Federal na semana passada. O monitoramento foi realizado com dados coletados via APIs públicas de plataformas como Facebook, Instagram, X/Twitter, TikTok e YouTube. Segundo o instituto, a base acompanha mais de 16 mil perfis ligados ao debate político brasileiro. A esquerda dominou a repercussão nas redes, tanto em número de publicações quanto em engajamento. Foram identificados 4.829 posts mencionando simultaneamente Vorcaro e Flávio no período analisado. Deles, 1.469 partiram de perfis ligados à esquerda, contra 1.133 da direita e 676 da imprensa. Nas interações, a diferença foi ainda maior: perfis de esquerda concentraram mais de 4 milhões de engajamentos, superando os números da imprensa e de influenciadores bolsonaristas. O estudo registra também que a direita concentrou sua reação em uma linha defensiva baseada na tese de que a cinebiografia teria sido financiada exclusivamente com recursos privados, sem uso de dinheiro público ou incentivos da Lei Rouanet. Já a esquerda explorou diferentes frentes narrativas, associando o caso a suspeitas de lavagem de dinheiro, contradições nas declarações de Flávio e possíveis impactos eleitorais para 2026. Entre os partidos, PT e PSOL lideraram o volume de interações sobre o tema. O PL concentrou publicações voltadas à defesa da legalidade do financiamento privado. Há ainda registros quanto a fissuras na direita: enquanto o ex-governador de Minas Gerais Romeu Zema (Novo) apressou-se em criticar Flávio, seu possível adversário na disputa presidencial, o governador de São Paulo, Tarcísio de Freitas (Republicanos), demorou a comentar o caso, postura que repercutiu nas redes sociais. Ainda conforme o Institutodx, o Intercept Brasil liderou o ranking de perfis com maior número de interações sobre o episódio, ultrapassando 1 milhão de engajamentos. Logo depois aparece o deputado federal Lindbergh Farias (PT-RJ), que pediu a prisão de Flávio, seguido por veículos de imprensa e jornalistas que ajudaram a ampliar a circulação das denúncias. Outro eixo de repercussão identificado pelo relatório envolve os valores atribuídos ao financiamento do filme. Publicações compararam os recursos mencionados no caso ao orçamento de produções brasileiras recentes, como Ainda Estou Aqui, levantando questionamentos sobre a destinação do dinheiro. Veja a íntegra do estudo: 14.05.26-Especial_-BOLSOMASTER Recomendadas CPI do Banco Master seguirá ordem regimental, afirma Hugo Motta Em ação com a Interpol, PF prende em Dubai hacker do Caso Master José Dirceu mantém pré-candidatura a deputado após diagnóstico de linfoma O próximo Datafolha para medir o impacto da negociação Flávio Bolsonaro-Daniel Vorcaro "
